<?xml version="1.0" encoding="utf-8" ?>

<Defs>
	<ThingDef ParentName="BuildingBase">
		<defName>MPC_MechanoidShockwaveTurret</defName>
		<label>Mechanoid Coil</label> <!-- Shockwave -->
		<thingClass>Building_TurretGun</thingClass>
		<graphicData>
			<texPath>Things/Building/Security/MechanoidZoneTurretBase</texPath>
			<shaderType>CutoutComplex</shaderType>
			<graphicClass>Graphic_Single</graphicClass>
			<drawSize>(2,2)</drawSize>
			<damageData>
				<rect>(0.2,0.2,0.6,0.6)</rect>
			</damageData>
		</graphicData>
		<castEdgeShadows>true</castEdgeShadows>
		<minifiedDef>MinifiedThing</minifiedDef>
		<uiIconPath>Things/Building/Security/MechanoidShockwaveGun_Ico</uiIconPath>
		<altitudeLayer>BuildingOnTop</altitudeLayer>
		<pathCost>70</pathCost>
		<statBases>
			<MaxHitPoints>1250</MaxHitPoints>
			<Flammability>0.35</Flammability>
			<WorkToBuild>5200</WorkToBuild>
			<Mass>200</Mass>
			<Beauty>-20</Beauty>
			<ShootingAccuracyTurret>0.95</ShootingAccuracyTurret>
		</statBases>
		<tickerType>Normal</tickerType>
		<comps Inherit="False">
			<li Class="CompProperties_Explosive">
				<explosiveRadius>6</explosiveRadius>
				<explosiveDamageType>EMP</explosiveDamageType>
				<chanceNeverExplodeFromDamage>0.5</chanceNeverExplodeFromDamage>
			</li>
			<li Class="CompProperties_Forbiddable"/>
			<li Class="CompProperties_Power">
				<compClass>CompPowerTrader</compClass>
				<basePowerConsumption>500</basePowerConsumption>
			</li>
			<li Class="CompProperties_Flickable"/>
			<li Class="CompProperties_Breakdownable"/>
		</comps>
		<description>A turret with a shockwave gun on top that automatically fires at nearby and distant enemies. Meant to support during heavy warfare. Has a chance to explode in an EMP impulse when damaged.\n\nEvolved defense building, primarily made to support against incoming ground units. Outsorted models were taken out and misused to beat down riots on Jailplanets. Has a Shockwave Gun with an AI target acquisition attached to it. The central weapon system is mounted on an auto turret. Can be slightly upgraded.</description>
		<passability>PassThroughOnly</passability>
		<fillPercent>0.85</fillPercent>
		<hasTooltip>true</hasTooltip>
		<thingCategories>
			<li>BuildingsSecurity</li>
		</thingCategories>
		<stuffCategories Inherit="true">
			<li>Metallic</li>
		</stuffCategories>
		<costStuffCount>225</costStuffCount>
		<costList>
			<Plasteel>225</Plasteel>
			<ComponentIndustrial>8</ComponentIndustrial>
			<ComponentSpacer>1</ComponentSpacer>
			<Uranium>50</Uranium>
			<Gold>50</Gold>
		</costList>
		<constructionSkillPrerequisite>15</constructionSkillPrerequisite>
		<terrainAffordanceNeeded>Heavy</terrainAffordanceNeeded>
		<designationCategory>Security</designationCategory>
		<designationHotKey>Misc5</designationHotKey>
		<specialDisplayRadius>56</specialDisplayRadius>
		<stealable>false</stealable>
		<rotatable>true</rotatable>
		<building>
			<ai_combatDangerous>true</ai_combatDangerous>
			<turretGunDef>Gun_MechanoidShockwaveTurret</turretGunDef>
			<turretBurstCooldownTime>10.2</turretBurstCooldownTime>
			<turretTopGraphicPath>Things/Building/Security/MechanoidShockwaveGun</turretTopGraphicPath>
			<turretTopOffset>(0, 0)</turretTopOffset>
		</building>
		<placeWorkers>
			<li>PlaceWorker_TurretTop</li>
		</placeWorkers>
		<researchPrerequisites>
			<li>MPC_MechanoidBlaster</li>
		</researchPrerequisites>
		<uiIconScale>0.90</uiIconScale>
	</ThingDef>
	
	<ThingDef ParentName="BaseBullet">
		<defName>Bullet_MechanoidShockwaveTurret</defName>
		<label>Psi shockwave</label>
		<graphicData>
			<texPath>Things/Projectile/BlasterShot</texPath>
			<graphicClass>Graphic_Single</graphicClass>
			<shaderType>TransparentPostLight</shaderType>
		</graphicData>
		<thingClass>Projectile_Explosive</thingClass>
		<projectile>
			<damageDef>Stun</damageDef> <!-- Mech_Shockwave -->
			<damageAmountBase>7</damageAmountBase>
			<speed>150</speed>
			<explosionRadius>3.5</explosionRadius>
			<preExplosionSpawnThingDef>Filth_Fuel</preExplosionSpawnThingDef>
			<preExplosionSpawnChance>0.07</preExplosionSpawnChance>
			<explosionDelay>1</explosionDelay>
			<ai_IsIncendiary>true</ai_IsIncendiary>
			<stoppingPower>0.1</stoppingPower>
			<soundExplode>MortarBomb_Explode</soundExplode>
		</projectile>
	</ThingDef>

	<ThingDef ParentName="BaseHumanGun">
		<defName>Gun_MechanoidShockwaveTurret</defName>
		<label>Mechanoid Shockwave</label>
		<menuHidden>true</menuHidden>
		<description>Evolved defense building, primarily made to support against incoming ground units. Outsorted models were taken out and misused to beat down riots on Jailplanets. Has a Shockwave Gun with an AI target acquisition attached to it. The central weapon system is mounted on an auto turret.</description>
		<graphicData>
			<texPath>Things/Weapons/Trunken_Rifle</texPath>
			<graphicClass>Graphic_Single</graphicClass>
		</graphicData>
		<soundInteract>Interact_Rifle</soundInteract>
		<tradeability>None</tradeability>
		<destroyOnDrop>true</destroyOnDrop>
		<statBases>
			<AccuracyTouch>0.88</AccuracyTouch>
			<AccuracyShort>0.89</AccuracyShort>
			<AccuracyMedium>0.98</AccuracyMedium>
			<AccuracyLong>0.99</AccuracyLong>
			<RangedWeapon_Cooldown>0.5</RangedWeapon_Cooldown>
			<DeteriorationRate>0</DeteriorationRate>
			<Mass>50</Mass>
			<Flammability>0</Flammability>
		</statBases>
		<weaponTags>
			<li>TurretGun</li>
		</weaponTags>
		<verbs>
			<li>
				<verbClass>Verb_Shoot</verbClass>
				<hasStandardCommand>true</hasStandardCommand>
				<defaultProjectile>Bullet_MechanoidShockwaveTurret</defaultProjectile>
				<warmupTime>1.5</warmupTime>
				<range>52.4</range>
				<ticksBetweenBurstShots>1</ticksBetweenBurstShots>
				<burstShotCount>1</burstShotCount>
				<soundCast>MechanoidEnergizedShot</soundCast>
				<soundCastTail>MechanoidFlashLight</soundCastTail>
				<muzzleFlashScale>9</muzzleFlashScale>
				<forcedMissRadius>1</forcedMissRadius>
				<minRange>1.5</minRange>
				<ai_IsBuildingDestroyer>false</ai_IsBuildingDestroyer>
			</li>
		</verbs>
	</ThingDef>
</Defs>
